{"Decision Tree": [0.4695238095238095, 0.5276190476190477, 0.6314285714285715, 0.6971428571428572, 0.8226882745471878], "Random Forest": [0.7095238095238096, 0.7914285714285715, 0.8590476190476191, 0.9485714285714286, 0.9952335557673975], "Support Vector Machines RBF": [0.37333333333333335, 0.4580952380952381, 0.6780952380952381, 0.8247619047619048, 0.871306005719733], "K Nearest Neighbors": [0.6047619047619047, 0.621904761904762, 0.7085714285714285, 0.8571428571428571, 0.9590085795996187], "Multinomial NB": [0.379047619047619, 0.45714285714285713, 0.6761904761904762, 0.8809523809523809, 0.9046711153479504], "MLP Classifier": [0.5723809523809524, 0.6085714285714285, 0.7390476190476191, 0.8247619047619048, 0.9628217349857007], "LGBMClassifier": [0.5866666666666667, 0.18095238095238095, 0.7323809523809524, 0.31142857142857144, 0.3755958055290753], "Logistic Regression": [0.6057142857142858, 0.6495238095238095, 0.7323809523809524, 0.8028571428571428, 0.9628217349857007]}