{"Decision Tree": [0.42496050552922593, 0.5355450236966824, 0.5505795574288725, 0.5184404636459431, 0.5052687038988409], "Random Forest": [0.6587677725118484, 0.8146392838335966, 0.7813487881981033, 0.7766069546891464, 0.7165437302423604], "Support Vector Machines RBF": [0.49499736703528174, 0.630858346498157, 0.6538461538461539, 0.6506849315068494, 0.59536354056902], "K Nearest Neighbors": [0.4649815692469721, 0.5729331226961558, 0.58377239199157, 0.6022128556375131, 0.5331928345626976], "Multinomial NB": [NaN, NaN, NaN, NaN, NaN], "MLP Classifier": [0.42759347024749866, 0.5513428120063191, 0.5521601685985248, 0.5648050579557429, 0.5326659641728135], "LGBMClassifier": [0.16113744075829384, 0.20747761979989468, 0.1970495258166491, 0.21180189673340358, 0.19441517386722867], "Logistic Regression": [0.49710373880989994, 0.6097946287519748, 0.6095890410958904, 0.6037934668071654, 0.5611169652265543]}