{"Decision Tree": [0.5609327983951855, 0.6341524573721163, 0.654376724354151, 0.6819663907700025, 0.6975169300225733], "Random Forest": [0.7891173520561685, 0.8758776328986961, 0.8678204163531478, 0.8954100827689992, 0.8743416102332581], "Support Vector Machines RBF": [0.581494483450351, 0.6592276830491475, 0.7306245297215952, 0.763732129420617, 0.7378981690494106], "K Nearest Neighbors": [0.6970912738214644, 0.7607823470411234, 0.7695008778530223, 0.7993478806119889, 0.7840481565086531], "Multinomial NB": [0.5829989969909729, 0.6537111334002006, 0.7233508903937798, 0.7880611988964134, 0.7496864810634563], "MLP Classifier": [0.6599799398194583, 0.7607823470411234, 0.7740155505392525, 0.7958364685226987, 0.8219212440431402], "LGBMClassifier": [0.17026078234704112, 0.10180541624874624, 0.21946325558063706, 0.19663907700025082, 0.2089290193127665], "Logistic Regression": [0.7061183550651956, 0.779839518555667, 0.781038374717833, 0.8041133684474542, 0.81740657135691]}