{"Decision Tree": [0.6452380952380953, 0.6845238095238095, 0.6666666666666666, 0.6452380952380953, 0.6698450536352801], "Random Forest": [0.8714285714285714, 0.8821428571428571, 0.8702380952380953, 0.8523809523809524, 0.8533969010727056], "Support Vector Machines RBF": [0.6023809523809524, 0.6166666666666667, 0.5761904761904761, 0.5952380952380952, 0.6090584028605482], "K Nearest Neighbors": [0.7571428571428571, 0.775, 0.75, 0.7428571428571429, 0.7723480333730631], "Multinomial NB": [0.6761904761904762, 0.6583333333333333, 0.65, 0.638095238095238, 0.6471990464839095], "MLP Classifier": [0.7976190476190477, 0.7619047619047619, 0.7773809523809524, 0.7488095238095238, 0.7723480333730631], "LGBMClassifier": [0.7654761904761904, 0.7952380952380952, 0.7952380952380952, 0.7654761904761904, 0.798569725864124], "Logistic Regression": [0.7857142857142857, 0.7666666666666667, 0.7821428571428571, 0.7571428571428571, 0.7699642431466031]}