{"Decision Tree": [0.4498495486459378, 0.5356068204613842, 0.564835716077251, 0.6084775520441434, 0.6255329821921244], "Random Forest": [0.655717151454363, 0.7570210631895687, 0.7775269626285428, 0.8417356408327062, 0.8289440682217206], "Support Vector Machines RBF": [0.4684052156469408, 0.5529087261785356, 0.6157511913719589, 0.6992726360672185, 0.6897416603962879], "K Nearest Neighbors": [0.43655967903711135, 0.5085255767301906, 0.5668422372711311, 0.6566340606972662, 0.6706797090544269], "Multinomial NB": [NaN, NaN, NaN, NaN, NaN], "MLP Classifier": [0.39317953861584753, 0.4834503510531595, 0.5181840983195385, 0.5786305492851769, 0.6122397792826687], "LGBMClassifier": [0.12261785356068204, 0.1489468405215647, 0.18159016804615, 0.16403310759969902, 0.21494858289440683], "Logistic Regression": [0.474172517552658, 0.5473921765295887, 0.5896664158515175, 0.671682969651367, 0.6834712816654126]}