{"Decision Tree": [0.5522275358671029, 0.6306646525679759, 0.6447633434038268, 0.6832829808660624, 0.7137462235649547], "Random Forest": [0.7915932544676567, 0.8809164149043303, 0.8705941591137966, 0.8942598187311178, 0.8814199395770392], "Support Vector Machines RBF": [0.587213692423861, 0.6628902316213494, 0.728600201409869, 0.7648539778449144, 0.7371601208459214], "K Nearest Neighbors": [0.6974578404228543, 0.7668680765357503, 0.7719033232628398, 0.8018630412890232, 0.7890231621349446], "Multinomial NB": [0.5859551975836899, 0.6593655589123867, 0.7280966767371602, 0.7892749244712991, 0.7520140986908358], "MLP Classifier": [0.6614648879939592, 0.7467270896273918, 0.7691339375629406, 0.7865055387713998, 0.8265357502517623], "LGBMClassifier": [0.16511452303045557, 0.17220543806646527, 0.2104733131923464, 0.1717019133937563, 0.1581067472306143], "Logistic Regression": [0.7065190032720866, 0.7807150050352467, 0.7844914400805639, 0.8076535750251762, 0.81797583081571]}