{"Decision Tree": [0.7423076923076923, 0.7468719923002888, 0.7795957651588066, 0.7487969201154957, 0.7545717035611165], "Random Forest": [0.864423076923077, 0.890279114533205, 0.8941289701636189, 0.8960538979788258, 0.9114533205004812], "Support Vector Machines RBF": [0.7230769230769231, 0.739172281039461, 0.7545717035611165, 0.753609239653513, 0.753609239653513], "K Nearest Neighbors": [0.8125, 0.8257940327237728, 0.848893166506256, 0.8479307025986526, 0.8450433108758422], "Multinomial NB": [0.7067307692307693, 0.7276227141482194, 0.7690086621751684, 0.7690086621751684, 0.7459095283926853], "MLP Classifier": [0.7807692307692308, 0.8354186717998076, 0.8469682386910491, 0.8411934552454283, 0.861405197305101], "LGBMClassifier": [0.8076923076923077, 0.8354186717998076, 0.8421559191530318, 0.24639076034648702, 0.865255052935515], "Logistic Regression": [0.8009615384615385, 0.8065447545717036, 0.8402309913378249, 0.8642925890279115, 0.8508180943214629]}