{"Decision Tree": [0.6, 0.6766121270452358, 0.7083734359961501, 0.6717998075072185, 0.7468719923002888], "Random Forest": [0.8076923076923077, 0.8460057747834456, 0.8546679499518768, 0.865255052935515, 0.8989412897016362], "Support Vector Machines RBF": [0.6134615384615385, 0.6535129932627527, 0.7016361886429259, 0.7208854667949952, 0.7035611164581328], "K Nearest Neighbors": [0.5807692307692308, 0.6304138594802695, 0.6573628488931665, 0.6920115495668913, 0.7035611164581328], "Multinomial NB": [NaN, NaN, NaN, NaN, NaN], "MLP Classifier": [0.6153846153846154, 0.6477382098171318, 0.6669874879692012, 0.7112608277189605, 0.697786333012512], "LGBMClassifier": [0.7519230769230769, 0.793070259865255, 0.8026948989412896, 0.2743022136669875, 0.2829643888354187], "Logistic Regression": [0.6288461538461538, 0.6515880654475458, 0.6910490856592878, 0.7064485081809432, 0.7314725697786333]}