{"Decision Tree": [0.3504761904761905, 0.3838095238095238, 0.5066666666666667, 0.6085714285714285, 0.780743565300286], "Random Forest": [0.5352380952380953, 0.6161904761904762, 0.6866666666666666, 0.9104761904761904, 0.982840800762631], "Support Vector Machines RBF": [0.26285714285714284, 0.3380952380952381, 0.4838095238095238, 0.7676190476190476, 0.9008579599618685], "K Nearest Neighbors": [0.22857142857142856, 0.2752380952380952, 0.4552380952380952, 0.7076190476190476, 0.8951382268827455], "Multinomial NB": [NaN, NaN, NaN, NaN, NaN], "MLP Classifier": [0.22, 0.3038095238095238, 0.47523809523809524, 0.6571428571428571, 0.877025738798856], "LGBMClassifier": [0.4695238095238095, 0.1838095238095238, 0.24, 0.82, 0.909437559580553], "Logistic Regression": [0.29714285714285715, 0.34, 0.47904761904761906, 0.7314285714285714, 0.8817921830314586]}