{"Decision Tree": [0.3767605633802817, 0.31690140845070425, 0.1443661971830986, 0.31338028169014087, 0.3415492957746479], "Random Forest": [0.4225352112676056, 0.35563380281690143, 0.20422535211267606, 0.3345070422535211, 0.3626760563380282], "Support Vector Machines RBF": [0.19718309859154928, 0.2112676056338028, 0.1795774647887324, 0.21830985915492956, 0.18661971830985916], "K Nearest Neighbors": [0.2711267605633803, 0.22887323943661972, 0.16901408450704225, 0.27816901408450706, 0.2852112676056338], "Multinomial NB": [NaN, NaN, NaN, NaN, NaN], "LGBMClassifier": [0.30985915492957744, 0.30633802816901406, 0.176056338028169, 0.27816901408450706, 0.2887323943661972], "Logistic Regression": [0.24647887323943662, 0.22887323943661972, 0.18661971830985916, 0.21830985915492956, 0.23943661971830985]}