{"Decision Tree": [0.3591549295774648, 0.3204225352112676, 0.17253521126760563, 0.30633802816901406, 0.3626760563380282], "Random Forest": [0.397887323943662, 0.34507042253521125, 0.20774647887323944, 0.31690140845070425, 0.36619718309859156], "Support Vector Machines RBF": [0.2147887323943662, 0.2147887323943662, 0.20774647887323944, 0.22887323943661972, 0.2112676056338028], "K Nearest Neighbors": [0.29225352112676056, 0.2676056338028169, 0.18309859154929578, 0.30633802816901406, 0.30633802816901406], "Multinomial NB": [0.1795774647887324, 0.19014084507042253, 0.18309859154929578, 0.18661971830985916, 0.16549295774647887], "LGBMClassifier": [0.31338028169014087, 0.3028169014084507, 0.18661971830985916, 0.30633802816901406, 0.2852112676056338], "Logistic Regression": [0.2323943661971831, 0.22887323943661972, 0.20774647887323944, 0.22183098591549297, 0.2147887323943662]}