{"Decision Tree": [0.95, 0.9566666666666667, 0.9433333333333334, 0.9333333333333333, 0.9666666666666667], "Random Forest": [0.98, 0.9966666666666667, 0.9733333333333334, 0.9733333333333334, 0.9766666666666667], "Support Vector Machines RBF": [0.98, 0.9933333333333333, 0.97, 0.9733333333333334, 0.98], "K Nearest Neighbors": [0.9733333333333334, 0.9833333333333333, 0.9733333333333334, 0.9666666666666667, 0.9733333333333334], "Multinomial NB": [NaN, NaN, NaN, NaN, NaN], "MLP Classifier": [0.9133333333333333, 0.9366666666666666, 0.9766666666666667, 0.9566666666666667, 0.98], "LGBMClassifier": [0.9733333333333334, 0.9733333333333334, 0.9633333333333334, 0.9666666666666667, 0.9833333333333333], "Logistic Regression": [0.97, 0.98, 0.98, 0.9466666666666667, 0.9733333333333334]}