{"Decision Tree": [0.9433333333333334, 0.96, 0.9533333333333334, 0.9466666666666667, 0.98], "Random Forest": [0.9933333333333333, 0.9966666666666667, 0.9666666666666667, 0.9833333333333333, 0.9733333333333334], "Support Vector Machines RBF": [0.9933333333333333, 0.9966666666666667, 0.9733333333333334, 0.9833333333333333, 0.98], "K Nearest Neighbors": [0.99, 0.9933333333333333, 0.9766666666666667, 0.9766666666666667, 0.9766666666666667], "Multinomial NB": [0.93, 0.9333333333333333, 0.9766666666666667, 0.89, 0.96], "MLP Classifier": [0.9533333333333334, 0.93, 0.98, 0.9233333333333333, 0.99], "LGBMClassifier": [0.99, 0.9733333333333334, 0.97, 0.98, 0.9833333333333333], "Logistic Regression": [0.9633333333333334, 0.9633333333333334, 0.9766666666666667, 0.92, 0.9766666666666667]}